{
  "appIconURL": "blueprint/appicon.svg",
  "description": "Use Node.js and Watson to detect emotion, identify entities, and discover answers",
  "email": "cloud@us.ibm.com",
  "generatorOptions": {
    "generator-git-starterkit-credentials-builder": {
      "scope": "@arf",
      "version": "0.x.x"
    },
    "generator-ibm-cloud-enablement": {
      "options": {
        "port": "3000"
      },
      "version": "0.8.x"
    },
    "generator-ibm-service-enablement": {
      "version": "0.6.4"
    },
    "generator-starterkit-content-downloader": {
      "scope": "@arf",
      "version": "0.x.x"
    }
  },
  "generators": {
    "node": [
      "generator-starterkit-content-downloader",
      "generator-ibm-cloud-enablement",
      "generator-ibm-service-enablement",
      "generator-git-starterkit-credentials-builder"
    ]
  },
  "name": "Create a cognitive banking chatbot",
  "previewURLs": [],
  "requiredCapabilities": [
    "conversation",
    "discovery",
    "naturalLanguageUnderstanding",
    "toneAnalyzer"
  ],
  "requiredCapabilitiesURLs": {
    "conversation": "https://console.bluemix.net/catalog/services/conversation",
    "discovery": "https://console.bluemix.net/catalog/services/discovery",
    "naturalLanguageUnderstanding": "https://console.bluemix.net/catalog/services/natural-language-understanding",
    "toneAnalyzer": "https://console.bluemix.net/catalog/services/tone-analyzer"
  },
  "servicePlans": {
    "conversation": "free",
    "discovery": "lite",
    "naturalLanguageUnderstanding": "free",
    "toneAnalyzer": "lite"
  },
  "tags": [
    "watson"
  ],
  "thumbnailURL": "blueprint/thumbnail.svg",
  "type": "WEB"
}
